Type,Local Number,Message,Field 1,Value 1,Units 1,Field 2,Value 2,Units 2,Field 3,Value 3,Units 3,Field 4,Value 4,Units 4,Field 5,Value 5,Units 5,Field 6,Value 6,Units 6,Field 7,Value 7,Units 7,
Definition,0,file_id,type,1,,manufacturer,1,,product,1,,time_created,1,,
Data,0,file_id,type,"4",,manufacturer,"255",,product,"1",,time_created,"1153661083",,
Definition,0,activity,timestamp,1,,local_timestamp,1,,,,,,,,
Data,0,activity,timestamp,"1153661083",,local_timestamp,"1153686283",,,,,,,,
Definition,0,session,sport,1,,sub_sport,1,,total_elapsed_time,1,,total_distance,1,,total_calories,1,,start_time,1,,avg_heart_rate,1,,
Data,0,session,sport,"62",,sub_sport,"70",,total_elapsed_time,"2354.0",s,total_distance,"0.0",m,total_calories,"166",kcal,start_time,"1153634410",,avg_heart_rate,"95",bpm,
Definition,0,record,timestamp,1,,heart_rate,1,,,,,,,,,,,,,,,,,
Data,0,record,timestamp,"1153634410",s,,,,,,,,,,,,,,,,,,,
Data,0,record,timestamp,"1153634410",s,,,,,,,,,,,,,,,,,,,
Data,0,record,timestamp,"1153634410",s,,,,,,,,,,,,,,,,,,,
Data,0,record,timestamp,"1153634410",s,,,,,,,,,,,,,,,,,,,
Data,0,record,timestamp,"1153634410",s,,,,,,,,,,,,,,,,,,,
Data,0,record,timestamp,"1153634410",s,,,,,,,,,,,,,,,,,,,
Data,0,record,timestamp,"1153634410",s,,,,,,,,,,,,,,,,,,,
Data,0,record,timestamp,"1153634410",s,,,,,,,,,,,,,,,,,,,
Data,0,record,timestamp,"1153634410",s,,,,,,,,,,,,,,,,,,,
Data,0,record,timestamp,"1153634410",s,,,,,,,,,,,,,,,,,,,
Data,0,record,timestamp,"1153634410",s,,,,,,,,,,,,,,,,,,,
Data,0,record,timestamp,"1153634410",s,,,,,,,,,,,,,,,,,,,
Data,0,record,timestamp,"1153634410",s,,,,,,,,,,,,,,,,,,,
Data,0,record,timestamp,"1153634410",s,,,,,,,,,,,,,,,,,,,
Data,0,record,timestamp,"1153634410",s,,,,,,,,,,,,,,,,,,,
Data,0,record,timestamp,"1153634410",s,,,,,,,,,,,,,,,,,,,
Data,0,record,timestamp,"1153634410",s,,,,,,,,,,,,,,,,,,,
Data,0,record,timestamp,"1153634410",s,,,,,,,,,,,,,,,,,,,
Data,0,record,timestamp,"1153634410",s,,,,,,,,,,,,,,,,,,,
Data,0,record,timestamp,"1153634410",s,,,,,,,,,,,,,,,,,,,
Data,0,record,timestamp,"1153634410",s,,,,,,,,,,,,,,,,,,,
Data,0,record,timestamp,"1153634410",s,,,,,,,,,,,,,,,,,,,
Data,0,record,timestamp,"1153634410",s,,,,,,,,,,,,,,,,,,,
Data,0,record,timestamp,"1153634410",s,,,,,,,,,,,,,,,,,,,
Data,0,record,timestamp,"1153634410",s,,,,,,,,,,,,,,,,,,,
Data,0,record,timestamp,"1153634410",s,,,,,,,,,,,,,,,,,,,
Data,0,record,timestamp,"1153634410",s,,,,,,,,,,,,,,,,,,,
Data,0,record,timestamp,"1153634410",s,,,,,,,,,,,,,,,,,,,
Data,0,record,timestamp,"1153634410",s,,,,,,,,,,,,,,,,,,,
Data,0,record,timestamp,"1153634410",s,,,,,,,,,,,,,,,,,,,
Data,0,record,timestamp,"1153634410",s,,,,,,,,,,,,,,,,,,,
Data,0,record,timestamp,"1153634410",s,,,,,,,,,,,,,,,,,,,
Data,0,record,timestamp,"1153634410",s,,,,,,,,,,,,,,,,,,,
Data,0,record,timestamp,"1153634410",s,,,,,,,,,,,,,,,,,,,
Data,0,record,timestamp,"1153634410",s,,,,,,,,,,,,,,,,,,,
Data,0,record,timestamp,"1153634410",s,,,,,,,,,,,,,,,,,,,
Data,0,record,timestamp,"1153634410",s,,,,,,,,,,,,,,,,,,,
Data,0,record,timestamp,"1153634410",s,,,,,,,,,,,,,,,,,,,
Data,0,record,timestamp,"1153634410",s,,,,,,,,,,,,,,,,,,,
Data,0,record,timestamp,"1153634410",s,,,,,,,,,,,,,,,,,,,
Data,0,record,timestamp,"1153634410",s,,,,,,,,,,,,,,,,,,,
Data,0,record,timestamp,"1153634410",s,,,,,,,,,,,,,,,,,,,
Data,0,record,timestamp,"1153634410",s,,,,,,,,,,,,,,,,,,,
Data,0,record,timestamp,"1153634410",s,,,,,,,,,,,,,,,,,,,
Data,0,record,timestamp,"1153634410",s,,,,,,,,,,,,,,,,,,,
Data,0,record,timestamp,"1153634410",s,,,,,,,,,,,,,,,,,,,
Data,0,record,timestamp,"1153634410",s,,,,,,,,,,,,,,,,,,,
Data,0,record,timestamp,"1153634410",s,,,,,,,,,,,,,,,,,,,
Data,0,record,timestamp,"1153634410",s,,,,,,,,,,,,,,,,,,,
Data,0,record,timestamp,"1153634410",s,,,,,,,,,,,,,,,,,,,
Data,0,record,timestamp,"1153634410",s,,,,,,,,,,,,,,,,,,,
Data,0,record,timestamp,"1153634410",s,,,,,,,,,,,,,,,,,,,
Data,0,record,timestamp,"1153634410",s,,,,,,,,,,,,,,,,,,,
Data,0,record,timestamp,"1153634410",s,,,,,,,,,,,,,,,,,,,
Data,0,record,timestamp,"1153634410",s,,,,,,,,,,,,,,,,,,,
Data,0,record,timestamp,"1153634410",s,,,,,,,,,,,,,,,,,,,
Data,0,record,timestamp,"1153634410",s,,,,,,,,,,,,,,,,,,,
Data,0,record,timestamp,"1153634410",s,,,,,,,,,,,,,,,,,,,
Data,0,record,timestamp,"1153634410",s,,,,,,,,,,,,,,,,,,,
Data,0,record,timestamp,"1153634410",s,,,,,,,,,,,,,,,,,,,
Data,0,record,timestamp,"1153634410",s,,,,,,,,,,,,,,,,,,,
Data,0,record,timestamp,"1153634410",s,,,,,,,,,,,,,,,,,,,
Data,0,record,timestamp,"1153634410",s,,,,,,,,,,,,,,,,,,,
Data,0,record,timestamp,"1153634410",s,,,,,,,,,,,,,,,,,,,
Data,0,record,timestamp,"1153634410",s,,,,,,,,,,,,,,,,,,,
Data,0,record,timestamp,"1153634410",s,,,,,,,,,,,,,,,,,,,
Data,0,record,timestamp,"1153634410",s,,,,,,,,,,,,,,,,,,,
Data,0,record,timestamp,"1153634410",s,,,,,,,,,,,,,,,,,,,
Data,0,record,timestamp,"1153634410",s,,,,,,,,,,,,,,,,,,,
Data,0,record,timestamp,"1153634410",s,,,,,,,,,,,,,,,,,,,
Data,0,record,timestamp,"1153634410",s,,,,,,,,,,,,,,,,,,,
Data,0,record,timestamp,"1153634410",s,,,,,,,,,,,,,,,,,,,
Data,0,record,timestamp,"1153634410",s,,,,,,,,,,,,,,,,,,,
Data,0,record,timestamp,"1153634410",s,,,,,,,,,,,,,,,,,,,
Data,0,record,timestamp,"1153634410",s,,,,,,,,,,,,,,,,,,,
Data,0,record,timestamp,"1153634410",s,,,,,,,,,,,,,,,,,,,
Data,0,record,timestamp,"1153634410",s,,,,,,,,,,,,,,,,,,,
Data,0,record,timestamp,"1153634410",s,,,,,,,,,,,,,,,,,,,
Data,0,record,timestamp,"1153634410",s,,,,,,,,,,,,,,,,,,,
Data,0,record,timestamp,"1153634410",s,,,,,,,,,,,,,,,,,,,
Data,0,record,timestamp,"1153634410",s,,,,,,,,,,,,,,,,,,,
Data,0,record,timestamp,"1153634410",s,,,,,,,,,,,,,,,,,,,
Data,0,record,timestamp,"1153634410",s,,,,,,,,,,,,,,,,,,,
Data,0,record,timestamp,"1153634410",s,,,,,,,,,,,,,,,,,,,
Data,0,record,timestamp,"1153634410",s,,,,,,,,,,,,,,,,,,,
Data,0,record,timestamp,"1153634410",s,,,,,,,,,,,,,,,,,,,
Data,0,record,timestamp,"1153634410",s,,,,,,,,,,,,,,,,,,,
Data,0,record,timestamp,"1153634410",s,,,,,,,,,,,,,,,,,,,
Data,0,record,timestamp,"1153634410",s,,,,,,,,,,,,,,,,,,,
Data,0,record,timestamp,"1153634410",s,,,,,,,,,,,,,,,,,,,
Data,0,record,timestamp,"1153634410",s,,,,,,,,,,,,,,,,,,,
Data,0,record,timestamp,"1153634410",s,,,,,,,,,,,,,,,,,,,
Data,0,record,timestamp,"1153634410",s,,,,,,,,,,,,,,,,,,,
Data,0,record,timestamp,"1153634410",s,,,,,,,,,,,,,,,,,,,
Data,0,record,timestamp,"1153634410",s,,,,,,,,,,,,,,,,,,,
Data,0,record,timestamp,"1153634410",s,,,,,,,,,,,,,,,,,,,
Data,0,record,timestamp,"1153634410",s,,,,,,,,,,,,,,,,,,,
Data,0,record,timestamp,"1153634410",s,,,,,,,,,,,,,,,,,,,
Data,0,record,timestamp,"1153634410",s,,,,,,,,,,,,,,,,,,,
Data,0,record,timestamp,"1153634410",s,,,,,,,,,,,,,,,,,,,
Data,0,record,timestamp,"1153634410",s,,,,,,,,,,,,,,,,,,,
Data,0,record,timestamp,"1153634410",s,,,,,,,,,,,,,,,,,,,
Data,0,record,timestamp,"1153634410",s,,,,,,,,,,,,,,,,,,,
Data,0,record,timestamp,"1153634410",s,,,,,,,,,,,,,,,,,,,
Data,0,record,timestamp,"1153634410",s,,,,,,,,,,,,,,,,,,,
Data,0,record,timestamp,"1153634410",s,,,,,,,,,,,,,,,,,,,
Data,0,record,timestamp,"1153634410",s,,,,,,,,,,,,,,,,,,,
Data,0,record,timestamp,"1153634410",s,,,,,,,,,,,,,,,,,,,
Data,0,record,timestamp,"1153634410",s,,,,,,,,,,,,,,,,,,,
Data,0,record,timestamp,"1153634410",s,,,,,,,,,,,,,,,,,,,
Data,0,record,timestamp,"1153634410",s,,,,,,,,,,,,,,,,,,,
Data,0,record,timestamp,"1153634410",s,,,,,,,,,,,,,,,,,,,
Data,0,record,timestamp,"1153634410",s,,,,,,,,,,,,,,,,,,,
Data,0,record,timestamp,"1153634410",s,,,,,,,,,,,,,,,,,,,
Data,0,record,timestamp,"1153634410",s,,,,,,,,,,,,,,,,,,,
Data,0,record,timestamp,"1153634410",s,,,,,,,,,,,,,,,,,,,
Data,0,record,timestamp,"1153634410",s,,,,,,,,,,,,,,,,,,,
Data,0,record,timestamp,"1153634410",s,,,,,,,,,,,,,,,,,,,
Data,0,record,timestamp,"1153634410",s,,,,,,,,,,,,,,,,,,,
Data,0,record,timestamp,"1153634410",s,,,,,,,,,,,,,,,,,,,
Data,0,record,timestamp,"1153634410",s,,,,,,,,,,,,,,,,,,,
Data,0,record,timestamp,"1153634410",s,,,,,,,,,,,,,,,,,,,
Data,0,record,timestamp,"1153634410",s,,,,,,,,,,,,,,,,,,,
Data,0,record,timestamp,"1153634410",s,,,,,,,,,,,,,,,,,,,
Data,0,record,timestamp,"1153634410",s,,,,,,,,,,,,,,,,,,,
Data,0,record,timestamp,"1153634410",s,,,,,,,,,,,,,,,,,,,
Data,0,record,timestamp,"1153634410",s,,,,,,,,,,,,,,,,,,,
Data,0,record,timestamp,"1153634410",s,,,,,,,,,,,,,,,,,,,
Data,0,record,timestamp,"1153634410",s,,,,,,,,,,,,,,,,,,,
Data,0,record,timestamp,"1153634410",s,,,,,,,,,,,,,,,,,,,
Data,0,record,timestamp,"1153634410",s,,,,,,,,,,,,,,,,,,,
Data,0,record,timestamp,"1153634410",s,,,,,,,,,,,,,,,,,,,
Data,0,record,timestamp,"1153634410",s,,,,,,,,,,,,,,,,,,,
Data,0,record,timestamp,"1153634410",s,,,,,,,,,,,,,,,,,,,
Data,0,record,timestamp,"1153634410",s,,,,,,,,,,,,,,,,,,,
Data,0,record,timestamp,"1153634410",s,,,,,,,,,,,,,,,,,,,
Data,0,record,timestamp,"1153634410",s,,,,,,,,,,,,,,,,,,,
Data,0,record,timestamp,"1153634410",s,,,,,,,,,,,,,,,,,,,
Data,0,record,timestamp,"1153634410",s,,,,,,,,,,,,,,,,,,,
Data,0,record,timestamp,"1153634410",s,,,,,,,,,,,,,,,,,,,
Data,0,record,timestamp,"1153634410",s,,,,,,,,,,,,,,,,,,,
Data,0,record,timestamp,"1153634410",s,,,,,,,,,,,,,,,,,,,
Data,0,record,timestamp,"1153634410",s,,,,,,,,,,,,,,,,,,,
Data,0,record,timestamp,"1153634410",s,,,,,,,,,,,,,,,,,,,
Data,0,record,timestamp,"1153634410",s,,,,,,,,,,,,,,,,,,,
Data,0,record,timestamp,"1153634410",s,,,,,,,,,,,,,,,,,,,
Data,0,record,timestamp,"1153634410",s,,,,,,,,,,,,,,,,,,,
Data,0,record,timestamp,"1153634410",s,,,,,,,,,,,,,,,,,,,
Data,0,record,timestamp,"1153634410",s,,,,,,,,,,,,,,,,,,,
Data,0,record,timestamp,"1153634410",s,,,,,,,,,,,,,,,,,,,
Data,0,record,timestamp,"1153634410",s,,,,,,,,,,,,,,,,,,,
Data,0,record,timestamp,"1153634410",s,,,,,,,,,,,,,,,,,,,
Data,0,record,timestamp,"1153634410",s,,,,,,,,,,,,,,,,,,,
Data,0,record,timestamp,"1153634410",s,,,,,,,,,,,,,,,,,,,
Data,0,record,timestamp,"1153634410",s,,,,,,,,,,,,,,,,,,,
Data,0,record,timestamp,"1153634410",s,,,,,,,,,,,,,,,,,,,
Data,0,record,timestamp,"1153634410",s,,,,,,,,,,,,,,,,,,,
Data,0,record,timestamp,"1153634410",s,,,,,,,,,,,,,,,,,,,
Data,0,record,timestamp,"1153634410",s,,,,,,,,,,,,,,,,,,,
Data,0,record,timestamp,"1153634410",s,,,,,,,,,,,,,,,,,,,
Data,0,record,timestamp,"1153634410",s,,,,,,,,,,,,,,,,,,,
Data,0,record,timestamp,"1153634410",s,,,,,,,,,,,,,,,,,,,
Data,0,record,timestamp,"1153634410",s,,,,,,,,,,,,,,,,,,,
Data,0,record,timestamp,"1153634410",s,,,,,,,,,,,,,,,,,,,
Data,0,record,timestamp,"1153634410",s,,,,,,,,,,,,,,,,,,,
Data,0,record,timestamp,"1153634410",s,,,,,,,,,,,,,,,,,,,
Data,0,record,timestamp,"1153634410",s,,,,,,,,,,,,,,,,,,,
Data,0,record,timestamp,"1153634410",s,,,,,,,,,,,,,,,,,,,
Data,0,record,timestamp,"1153634410",s,,,,,,,,,,,,,,,,,,,
Data,0,record,timestamp,"1153634410",s,,,,,,,,,,,,,,,,,,,
Data,0,record,timestamp,"1153634410",s,,,,,,,,,,,,,,,,,,,
Data,0,record,timestamp,"1153634410",s,,,,,,,,,,,,,,,,,,,
Data,0,record,timestamp,"1153634410",s,,,,,,,,,,,,,,,,,,,
Data,0,record,timestamp,"1153634410",s,,,,,,,,,,,,,,,,,,,
Data,0,record,timestamp,"1153634410",s,,,,,,,,,,,,,,,,,,,
Data,0,record,timestamp,"1153634410",s,,,,,,,,,,,,,,,,,,,
Data,0,record,timestamp,"1153634410",s,,,,,,,,,,,,,,,,,,,
Data,0,record,timestamp,"1153634410",s,,,,,,,,,,,,,,,,,,,
Data,0,record,timestamp,"1153634410",s,,,,,,,,,,,,,,,,,,,
Data,0,record,timestamp,"1153634410",s,,,,,,,,,,,,,,,,,,,
Data,0,record,timestamp,"1153634410",s,,,,,,,,,,,,,,,,,,,
Data,0,record,timestamp,"1153634410",s,,,,,,,,,,,,,,,,,,,
Data,0,record,timestamp,"1153634410",s,,,,,,,,,,,,,,,,,,,
Data,0,record,timestamp,"1153634410",s,,,,,,,,,,,,,,,,,,,
Data,0,record,timestamp,"1153634410",s,,,,,,,,,,,,,,,,,,,
Data,0,record,timestamp,"1153634410",s,,,,,,,,,,,,,,,,,,,
Data,0,record,timestamp,"1153634410",s,,,,,,,,,,,,,,,,,,,
Data,0,record,timestamp,"1153634410",s,,,,,,,,,,,,,,,,,,,
Data,0,record,timestamp,"1153634410",s,,,,,,,,,,,,,,,,,,,
Data,0,record,timestamp,"1153634410",s,,,,,,,,,,,,,,,,,,,
Data,0,record,timestamp,"1153634410",s,,,,,,,,,,,,,,,,,,,
Data,0,record,timestamp,"1153634410",s,,,,,,,,,,,,,,,,,,,
Data,0,record,timestamp,"1153634410",s,,,,,,,,,,,,,,,,,,,
Data,0,record,timestamp,"1153634410",s,,,,,,,,,,,,,,,,,,,
Data,0,record,timestamp,"1153634410",s,,,,,,,,,,,,,,,,,,,
Data,0,record,timestamp,"1153634410",s,,,,,,,,,,,,,,,,,,,
Data,0,record,timestamp,"1153634410",s,,,,,,,,,,,,,,,,,,,
Data,0,record,timestamp,"1153634410",s,,,,,,,,,,,,,,,,,,,
Data,0,record,timestamp,"1153634410",s,,,,,,,,,,,,,,,,,,,
Data,0,record,timestamp,"1153634410",s,,,,,,,,,,,,,,,,,,,
Data,0,record,timestamp,"1153634411",s,,,,,,,,,,,,,,,,,,,
Data,0,record,timestamp,"1153634411",s,,,,,,,,,,,,,,,,,,,
Data,0,record,timestamp,"1153634411",s,,,,,,,,,,,,,,,,,,,
Data,0,record,timestamp,"1153634411",s,,,,,,,,,,,,,,,,,,,
Data,0,record,timestamp,"1153634411",s,,,,,,,,,,,,,,,,,,,
Data,0,record,timestamp,"1153634411",s,,,,,,,,,,,,,,,,,,,
Data,0,record,timestamp,"1153634411",s,,,,,,,,,,,,,,,,,,,
Data,0,record,timestamp,"1153634411",s,,,,,,,,,,,,,,,,,,,
Data,0,record,timestamp,"1153634411",s,,,,,,,,,,,,,,,,,,,
Data,0,record,timestamp,"1153634411",s,,,,,,,,,,,,,,,,,,,
Data,0,record,timestamp,"1153634411",s,,,,,,,,,,,,,,,,,,,
Data,0,record,timestamp,"1153634411",s,,,,,,,,,,,,,,,,,,,
Data,0,record,timestamp,"1153634411",s,,,,,,,,,,,,,,,,,,,
Data,0,record,timestamp,"1153634411",s,,,,,,,,,,,,,,,,,,,
Data,0,record,timestamp,"1153634411",s,,,,,,,,,,,,,,,,,,,
Data,0,record,timestamp,"1153634411",s,,,,,,,,,,,,,,,,,,,
Data,0,record,timestamp,"1153634411",s,,,,,,,,,,,,,,,,,,,
Data,0,record,timestamp,"1153634411",s,,,,,,,,,,,,,,,,,,,
Data,0,record,timestamp,"1153634411",s,,,,,,,,,,,,,,,,,,,
Data,0,record,timestamp,"1153634411",s,,,,,,,,,,,,,,,,,,,
Data,0,record,timestamp,"1153634411",s,,,,,,,,,,,,,,,,,,,
Data,0,record,timestamp,"1153634411",s,,,,,,,,,,,,,,,,,,,
Data,0,record,timestamp,"1153634411",s,,,,,,,,,,,,,,,,,,,
Data,0,record,timestamp,"1153634411",s,,,,,,,,,,,,,,,,,,,
Data,0,record,timestamp,"1153634411",s,,,,,,,,,,,,,,,,,,,
Data,0,record,timestamp,"1153634411",s,,,,,,,,,,,,,,,,,,,
Data,0,record,timestamp,"1153634411",s,,,,,,,,,,,,,,,,,,,
Data,0,record,timestamp,"1153634411",s,,,,,,,,,,,,,,,,,,,
Data,0,record,timestamp,"1153634411",s,,,,,,,,,,,,,,,,,,,
Data,0,record,timestamp,"1153634411",s,,,,,,,,,,,,,,,,,,,
Data,0,record,timestamp,"1153634411",s,,,,,,,,,,,,,,,,,,,
Data,0,record,timestamp,"1153634411",s,,,,,,,,,,,,,,,,,,,
Data,0,record,timestamp,"1153634411",s,,,,,,,,,,,,,,,,,,,
Data,0,record,timestamp,"1153634411",s,,,,,,,,,,,,,,,,,,,
Data,0,record,timestamp,"1153634411",s,,,,,,,,,,,,,,,,,,,
Data,0,record,timestamp,"1153634411",s,,,,,,,,,,,,,,,,,,,
Data,0,record,timestamp,"1153634411",s,,,,,,,,,,,,,,,,,,,
Data,0,record,timestamp,"1153634411",s,,,,,,,,,,,,,,,,,,,
Data,0,record,timestamp,"1153634411",s,,,,,,,,,,,,,,,,,,,
Data,0,record,timestamp,"1153634411",s,,,,,,,,,,,,,,,,,,,
Data,0,record,timestamp,"1153634411",s,,,,,,,,,,,,,,,,,,,
Data,0,record,timestamp,"1153634411",s,,,,,,,,,,,,,,,,,,,
Data,0,record,timestamp,"1153634411",s,,,,,,,,,,,,,,,,,,,
Data,0,record,timestamp,"1153634411",s,,,,,,,,,,,,,,,,,,,
Data,0,record,timestamp,"1153634411",s,,,,,,,,,,,,,,,,,,,
Data,0,record,timestamp,"1153634411",s,,,,,,,,,,,,,,,,,,,
Data,0,record,timestamp,"1153634411",s,,,,,,,,,,,,,,,,,,,
Data,0,record,timestamp,"1153634411",s,,,,,,,,,,,,,,,,,,,
Data,0,record,timestamp,"1153634411",s,,,,,,,,,,,,,,,,,,,
Data,0,record,timestamp,"1153634411",s,,,,,,,,,,,,,,,,,,,
Data,0,record,timestamp,"1153634411",s,,,,,,,,,,,,,,,,,,,
Data,0,record,timestamp,"1153634411",s,,,,,,,,,,,,,,,,,,,
Data,0,record,timestamp,"1153634411",s,,,,,,,,,,,,,,,,,,,
Data,0,record,timestamp,"1153634411",s,,,,,,,,,,,,,,,,,,,
Data,0,record,timestamp,"1153634411",s,,,,,,,,,,,,,,,,,,,
Data,0,record,timestamp,"1153634411",s,,,,,,,,,,,,,,,,,,,
Data,0,record,timestamp,"1153634411",s,,,,,,,,,,,,,,,,,,,
Data,0,record,timestamp,"1153634411",s,,,,,,,,,,,,,,,,,,,
Data,0,record,timestamp,"1153634411",s,,,,,,,,,,,,,,,,,,,
Data,0,record,timestamp,"1153634411",s,,,,,,,,,,,,,,,,,,,
Data,0,record,timestamp,"1153634411",s,,,,,,,,,,,,,,,,,,,
Data,0,record,timestamp,"1153634411",s,,,,,,,,,,,,,,,,,,,
Data,0,record,timestamp,"1153634411",s,,,,,,,,,,,,,,,,,,,
Data,0,record,timestamp,"1153634411",s,,,,,,,,,,,,,,,,,,,
Data,0,record,timestamp,"1153634411",s,,,,,,,,,,,,,,,,,,,
Data,0,record,timestamp,"1153634411",s,,,,,,,,,,,,,,,,,,,
Data,0,record,timestamp,"1153634411",s,,,,,,,,,,,,,,,,,,,
Data,0,record,timestamp,"1153634411",s,,,,,,,,,,,,,,,,,,,
Data,0,record,timestamp,"1153634411",s,,,,,,,,,,,,,,,,,,,
Data,0,record,timestamp,"1153634411",s,,,,,,,,,,,,,,,,,,,
Data,0,record,timestamp,"1153634411",s,,,,,,,,,,,,,,,,,,,
Data,0,record,timestamp,"1153634411",s,,,,,,,,,,,,,,,,,,,
Data,0,record,timestamp,"1153634411",s,,,,,,,,,,,,,,,,,,,
Data,0,record,timestamp,"1153634411",s,,,,,,,,,,,,,,,,,,,
Data,0,record,timestamp,"1153634411",s,,,,,,,,,,,,,,,,,,,
Data,0,record,timestamp,"1153634411",s,,,,,,,,,,,,,,,,,,,
Data,0,record,timestamp,"1153634411",s,,,,,,,,,,,,,,,,,,,
Data,0,record,timestamp,"1153634411",s,,,,,,,,,,,,,,,,,,,
Data,0,record,timestamp,"1153634411",s,,,,,,,,,,,,,,,,,,,
Data,0,record,timestamp,"1153634411",s,,,,,,,,,,,,,,,,,,,
Data,0,record,timestamp,"1153634411",s,,,,,,,,,,,,,,,,,,,
Data,0,record,timestamp,"1153634411",s,,,,,,,,,,,,,,,,,,,
Data,0,record,timestamp,"1153634411",s,,,,,,,,,,,,,,,,,,,
Data,0,record,timestamp,"1153634411",s,,,,,,,,,,,,,,,,,,,
Data,0,record,timestamp,"1153634411",s,,,,,,,,,,,,,,,,,,,
Data,0,record,timestamp,"1153634411",s,,,,,,,,,,,,,,,,,,,
Data,0,record,timestamp,"1153634411",s,,,,,,,,,,,,,,,,,,,
Data,0,record,timestamp,"1153634411",s,,,,,,,,,,,,,,,,,,,
Data,0,record,timestamp,"1153634411",s,,,,,,,,,,,,,,,,,,,
Data,0,record,timestamp,"1153634411",s,,,,,,,,,,,,,,,,,,,
Data,0,record,timestamp,"1153634411",s,,,,,,,,,,,,,,,,,,,
Data,0,record,timestamp,"1153634411",s,,,,,,,,,,,,,,,,,,,
Data,0,record,timestamp,"1153634411",s,,,,,,,,,,,,,,,,,,,
Data,0,record,timestamp,"1153634411",s,,,,,,,,,,,,,,,,,,,
Data,0,record,timestamp,"1153634411",s,,,,,,,,,,,,,,,,,,,
Data,0,record,timestamp,"1153634411",s,,,,,,,,,,,,,,,,,,,
Data,0,record,timestamp,"1153634411",s,,,,,,,,,,,,,,,,,,,
Data,0,record,timestamp,"1153634411",s,,,,,,,,,,,,,,,,,,,
Data,0,record,timestamp,"1153634411",s,,,,,,,,,,,,,,,,,,,
Data,0,record,timestamp,"1153634411",s,,,,,,,,,,,,,,,,,,,
Data,0,record,timestamp,"1153634411",s,,,,,,,,,,,,,,,,,,,
Data,0,record,timestamp,"1153634411",s,,,,,,,,,,,,,,,,,,,
Data,0,record,timestamp,"1153634411",s,,,,,,,,,,,,,,,,,,,
Data,0,record,timestamp,"1153634411",s,,,,,,,,,,,,,,,,,,,
Data,0,record,timestamp,"1153634411",s,,,,,,,,,,,,,,,,,,,
Data,0,record,timestamp,"1153634411",s,,,,,,,,,,,,,,,,,,,
Data,0,record,timestamp,"1153634411",s,,,,,,,,,,,,,,,,,,,
Data,0,record,timestamp,"1153634411",s,,,,,,,,,,,,,,,,,,,
Data,0,record,timestamp,"1153634411",s,,,,,,,,,,,,,,,,,,,
Data,0,record,timestamp,"1153634411",s,,,,,,,,,,,,,,,,,,,
Data,0,record,timestamp,"1153634411",s,,,,,,,,,,,,,,,,,,,
Data,0,record,timestamp,"1153634411",s,,,,,,,,,,,,,,,,,,,
Data,0,record,timestamp,"1153634411",s,,,,,,,,,,,,,,,,,,,
Data,0,record,timestamp,"1153634411",s,,,,,,,,,,,,,,,,,,,
Data,0,record,timestamp,"1153634411",s,,,,,,,,,,,,,,,,,,,
Data,0,record,timestamp,"1153634411",s,,,,,,,,,,,,,,,,,,,
Data,0,record,timestamp,"1153634411",s,,,,,,,,,,,,,,,,,,,
Data,0,record,timestamp,"1153634411",s,,,,,,,,,,,,,,,,,,,
Data,0,record,timestamp,"1153634411",s,,,,,,,,,,,,,,,,,,,
Data,0,record,timestamp,"1153634411",s,,,,,,,,,,,,,,,,,,,
Data,0,record,timestamp,"1153634411",s,,,,,,,,,,,,,,,,,,,
Data,0,record,timestamp,"1153634411",s,,,,,,,,,,,,,,,,,,,
Data,0,record,timestamp,"1153634411",s,,,,,,,,,,,,,,,,,,,
Data,0,record,timestamp,"1153634411",s,,,,,,,,,,,,,,,,,,,
Data,0,record,timestamp,"1153634411",s,,,,,,,,,,,,,,,,,,,
Data,0,record,timestamp,"1153634411",s,,,,,,,,,,,,,,,,,,,
Data,0,record,timestamp,"1153634411",s,,,,,,,,,,,,,,,,,,,
Data,0,record,timestamp,"1153634411",s,,,,,,,,,,,,,,,,,,,
Data,0,record,timestamp,"1153634411",s,,,,,,,,,,,,,,,,,,,
Data,0,record,timestamp,"1153634411",s,,,,,,,,,,,,,,,,,,,
Data,0,record,timestamp,"1153634411",s,,,,,,,,,,,,,,,,,,,
Data,0,record,timestamp,"1153634411",s,,,,,,,,,,,,,,,,,,,
Data,0,record,timestamp,"1153634411",s,,,,,,,,,,,,,,,,,,,
Data,0,record,timestamp,"1153634411",s,,,,,,,,,,,,,,,,,,,
Data,0,record,timestamp,"1153634411",s,,,,,,,,,,,,,,,,,,,
Data,0,record,timestamp,"1153634411",s,,,,,,,,,,,,,,,,,,,
Data,0,record,timestamp,"1153634411",s,,,,,,,,,,,,,,,,,,,
Data,0,record,timestamp,"1153634411",s,,,,,,,,,,,,,,,,,,,
Data,0,record,timestamp,"1153634411",s,,,,,,,,,,,,,,,,,,,
Data,0,record,timestamp,"1153634411",s,,,,,,,,,,,,,,,,,,,
Data,0,record,timestamp,"1153634411",s,,,,,,,,,,,,,,,,,,,
Data,0,record,timestamp,"1153634411",s,,,,,,,,,,,,,,,,,,,
Data,0,record,timestamp,"1153634411",s,,,,,,,,,,,,,,,,,,,
Data,0,record,timestamp,"1153634411",s,,,,,,,,,,,,,,,,,,,
Data,0,record,timestamp,"1153634411",s,,,,,,,,,,,,,,,,,,,
Data,0,record,timestamp,"1153634411",s,,,,,,,,,,,,,,,,,,,
Data,0,record,timestamp,"1153634411",s,,,,,,,,,,,,,,,,,,,
Data,0,record,timestamp,"1153634411",s,,,,,,,,,,,,,,,,,,,
Data,0,record,timestamp,"1153634411",s,,,,,,,,,,,,,,,,,,,
Data,0,record,timestamp,"1153634411",s,,,,,,,,,,,,,,,,,,,
Data,0,record,timestamp,"1153634411",s,,,,,,,,,,,,,,,,,,,
Data,0,record,timestamp,"1153634411",s,,,,,,,,,,,,,,,,,,,
Data,0,record,timestamp,"1153634411",s,,,,,,,,,,,,,,,,,,,
Data,0,record,timestamp,"1153634411",s,,,,,,,,,,,,,,,,,,,
Data,0,record,timestamp,"1153634411",s,,,,,,,,,,,,,,,,,,,
Data,0,record,timestamp,"1153634411",s,,,,,,,,,,,,,,,,,,,
Data,0,record,timestamp,"1153634411",s,,,,,,,,,,,,,,,,,,,
Data,0,record,timestamp,"1153634411",s,,,,,,,,,,,,,,,,,,,
Data,0,record,timestamp,"1153634411",s,,,,,,,,,,,,,,,,,,,
Data,0,record,timestamp,"1153634411",s,,,,,,,,,,,,,,,,,,,
Data,0,record,timestamp,"1153634411",s,,,,,,,,,,,,,,,,,,,
Data,0,record,timestamp,"1153634411",s,,,,,,,,,,,,,,,,,,,
Data,0,record,timestamp,"1153634411",s,,,,,,,,,,,,,,,,,,,
Data,0,record,timestamp,"1153634411",s,,,,,,,,,,,,,,,,,,,
Data,0,record,timestamp,"1153634411",s,,,,,,,,,,,,,,,,,,,
Data,0,record,timestamp,"1153634411",s,,,,,,,,,,,,,,,,,,,
Data,0,record,timestamp,"1153634411",s,,,,,,,,,,,,,,,,,,,
Data,0,record,timestamp,"1153634411",s,,,,,,,,,,,,,,,,,,,
Data,0,record,timestamp,"1153634411",s,,,,,,,,,,,,,,,,,,,
Data,0,record,timestamp,"1153634411",s,,,,,,,,,,,,,,,,,,,
Data,0,record,timestamp,"1153634411",s,,,,,,,,,,,,,,,,,,,
Data,0,record,timestamp,"1153634411",s,,,,,,,,,,,,,,,,,,,
Data,0,record,timestamp,"1153634411",s,,,,,,,,,,,,,,,,,,,
Data,0,record,timestamp,"1153634411",s,,,,,,,,,,,,,,,,,,,
Data,0,record,timestamp,"1153634411",s,,,,,,,,,,,,,,,,,,,
Data,0,record,timestamp,"1153634411",s,,,,,,,,,,,,,,,,,,,
Data,0,record,timestamp,"1153634411",s,,,,,,,,,,,,,,,,,,,
Data,0,record,timestamp,"1153634411",s,,,,,,,,,,,,,,,,,,,
Data,0,record,timestamp,"1153634411",s,,,,,,,,,,,,,,,,,,,
Data,0,record,timestamp,"1153634411",s,,,,,,,,,,,,,,,,,,,
Data,0,record,timestamp,"1153634411",s,,,,,,,,,,,,,,,,,,,
Data,0,record,timestamp,"1153634411",s,,,,,,,,,,,,,,,,,,,
Data,0,record,timestamp,"1153634411",s,,,,,,,,,,,,,,,,,,,
Data,0,record,timestamp,"1153634411",s,,,,,,,,,,,,,,,,,,,
Data,0,record,timestamp,"1153634411",s,,,,,,,,,,,,,,,,,,,
Data,0,record,timestamp,"1153634411",s,,,,,,,,,,,,,,,,,,,
Data,0,record,timestamp,"1153634411",s,,,,,,,,,,,,,,,,,,,
Data,0,record,timestamp,"1153634411",s,,,,,,,,,,,,,,,,,,,
Data,0,record,timestamp,"1153634411",s,,,,,,,,,,,,,,,,,,,
Data,0,record,timestamp,"1153634411",s,,,,,,,,,,,,,,,,,,,
Data,0,record,timestamp,"1153634411",s,,,,,,,,,,,,,,,,,,,
Data,0,record,timestamp,"1153634411",s,,,,,,,,,,,,,,,,,,,
Data,0,record,timestamp,"1153634411",s,,,,,,,,,,,,,,,,,,,
Data,0,record,timestamp,"1153634411",s,,,,,,,,,,,,,,,,,,,
Data,0,record,timestamp,"1153634411",s,,,,,,,,,,,,,,,,,,,
Data,0,record,timestamp,"1153634411",s,,,,,,,,,,,,,,,,,,,
Data,0,record,timestamp,"1153634411",s,,,,,,,,,,,,,,,,,,,
Data,0,record,timestamp,"1153634411",s,,,,,,,,,,,,,,,,,,,
Data,0,record,timestamp,"1153634411",s,,,,,,,,,,,,,,,,,,,
Data,0,record,timestamp,"1153634411",s,,,,,,,,,,,,,,,,,,,
Data,0,record,timestamp,"1153634412",s,,,,,,,,,,,,,,,,,,,
Data,0,record,timestamp,"1153634412",s,,,,,,,,,,,,,,,,,,,
Data,0,record,timestamp,"1153634412",s,,,,,,,,,,,,,,,,,,,
Data,0,record,timestamp,"1153634412",s,,,,,,,,,,,,,,,,,,,
Data,0,record,timestamp,"1153634412",s,,,,,,,,,,,,,,,,,,,
Data,0,record,timestamp,"1153634412",s,,,,,,,,,,,,,,,,,,,
Data,0,record,timestamp,"1153634412",s,,,,,,,,,,,,,,,,,,,
Data,0,record,timestamp,"1153634412",s,,,,,,,,,,,,,,,,,,,
Data,0,record,timestamp,"1153634412",s,,,,,,,,,,,,,,,,,,,
Data,0,record,timestamp,"1153634412",s,,,,,,,,,,,,,,,,,,,
Data,0,record,timestamp,"1153634412",s,,,,,,,,,,,,,,,,,,,
Data,0,record,timestamp,"1153634412",s,,,,,,,,,,,,,,,,,,,
Data,0,record,timestamp,"1153634412",s,,,,,,,,,,,,,,,,,,,
Data,0,record,timestamp,"1153634412",s,,,,,,,,,,,,,,,,,,,
Data,0,record,timestamp,"1153634412",s,,,,,,,,,,,,,,,,,,,
Data,0,record,timestamp,"1153634412",s,,,,,,,,,,,,,,,,,,,
Data,0,record,timestamp,"1153634412",s,,,,,,,,,,,,,,,,,,,
Data,0,record,timestamp,"1153634412",s,,,,,,,,,,,,,,,,,,,
Data,0,record,timestamp,"1153634412",s,,,,,,,,,,,,,,,,,,,
Data,0,record,timestamp,"1153634412",s,,,,,,,,,,,,,,,,,,,
Data,0,record,timestamp,"1153634412",s,,,,,,,,,,,,,,,,,,,
Data,0,record,timestamp,"1153634412",s,,,,,,,,,,,,,,,,,,,
Data,0,record,timestamp,"1153634412",s,,,,,,,,,,,,,,,,,,,
Data,0,record,timestamp,"1153634412",s,,,,,,,,,,,,,,,,,,,
Data,0,record,timestamp,"1153634412",s,,,,,,,,,,,,,,,,,,,
Data,0,record,timestamp,"1153634412",s,,,,,,,,,,,,,,,,,,,
Data,0,record,timestamp,"1153634412",s,,,,,,,,,,,,,,,,,,,
Data,0,record,timestamp,"1153634412",s,,,,,,,,,,,,,,,,,,,
Data,0,record,timestamp,"1153634412",s,,,,,,,,,,,,,,,,,,,
Data,0,record,timestamp,"1153634412",s,,,,,,,,,,,,,,,,,,,
Data,0,record,timestamp,"1153634412",s,,,,,,,,,,,,,,,,,,,
Data,0,record,timestamp,"1153634412",s,,,,,,,,,,,,,,,,,,,
Data,0,record,timestamp,"1153634412",s,,,,,,,,,,,,,,,,,,,
Data,0,record,timestamp,"1153634412",s,,,,,,,,,,,,,,,,,,,
Data,0,record,timestamp,"1153634412",s,,,,,,,,,,,,,,,,,,,
Data,0,record,timestamp,"1153634412",s,,,,,,,,,,,,,,,,,,,
Data,0,record,timestamp,"1153634412",s,,,,,,,,,,,,,,,,,,,
Data,0,record,timestamp,"1153634412",s,,,,,,,,,,,,,,,,,,,
Data,0,record,timestamp,"1153634412",s,,,,,,,,,,,,,,,,,,,
Data,0,record,timestamp,"1153634412",s,,,,,,,,,,,,,,,,,,,
Data,0,record,timestamp,"1153634412",s,,,,,,,,,,,,,,,,,,,
Data,0,record,timestamp,"1153634412",s,,,,,,,,,,,,,,,,,,,
Data,0,record,timestamp,"1153634412",s,,,,,,,,,,,,,,,,,,,
Data,0,record,timestamp,"1153634412",s,,,,,,,,,,,,,,,,,,,
Data,0,record,timestamp,"1153634412",s,,,,,,,,,,,,,,,,,,,
Data,0,record,timestamp,"1153634412",s,,,,,,,,,,,,,,,,,,,
Data,0,record,timestamp,"1153634412",s,,,,,,,,,,,,,,,,,,,
Data,0,record,timestamp,"1153634412",s,,,,,,,,,,,,,,,,,,,
Data,0,record,timestamp,"1153634412",s,,,,,,,,,,,,,,,,,,,
Data,0,record,timestamp,"1153634412",s,,,,,,,,,,,,,,,,,,,
Data,0,record,timestamp,"1153634412",s,,,,,,,,,,,,,,,,,,,
Data,0,record,timestamp,"1153634412",s,,,,,,,,,,,,,,,,,,,
Data,0,record,timestamp,"1153634412",s,,,,,,,,,,,,,,,,,,,
Data,0,record,timestamp,"1153634412",s,,,,,,,,,,,,,,,,,,,
Data,0,record,timestamp,"1153634412",s,,,,,,,,,,,,,,,,,,,
Data,0,record,timestamp,"1153634412",s,,,,,,,,,,,,,,,,,,,
Data,0,record,timestamp,"1153634412",s,,,,,,,,,,,,,,,,,,,
Data,0,record,timestamp,"1153634412",s,,,,,,,,,,,,,,,,,,,
Data,0,record,timestamp,"1153634412",s,,,,,,,,,,,,,,,,,,,
Data,0,record,timestamp,"1153634412",s,,,,,,,,,,,,,,,,,,,
Data,0,record,timestamp,"1153634412",s,,,,,,,,,,,,,,,,,,,
Data,0,record,timestamp,"1153634412",s,,,,,,,,,,,,,,,,,,,
Data,0,record,timestamp,"1153634412",s,,,,,,,,,,,,,,,,,,,
Data,0,record,timestamp,"1153634412",s,,,,,,,,,,,,,,,,,,,
Data,0,record,timestamp,"1153634412",s,,,,,,,,,,,,,,,,,,,
Data,0,record,timestamp,"1153634412",s,,,,,,,,,,,,,,,,,,,
Data,0,record,timestamp,"1153634412",s,,,,,,,,,,,,,,,,,,,
Data,0,record,timestamp,"1153634412",s,,,,,,,,,,,,,,,,,,,
Data,0,record,timestamp,"1153634412",s,,,,,,,,,,,,,,,,,,,
Data,0,record,timestamp,"1153634412",s,,,,,,,,,,,,,,,,,,,
Data,0,record,timestamp,"1153634420",s,heart_rate,"86",bpm,,,,,,,,,,,,,,,,
Data,0,record,timestamp,"1153634425",s,heart_rate,"84",bpm,,,,,,,,,,,,,,,,
Data,0,record,timestamp,"1153634430",s,heart_rate,"83",bpm,,,,,,,,,,,,,,,,
Data,0,record,timestamp,"1153634435",s,heart_rate,"104",bpm,,,,,,,,,,,,,,,,
Data,0,record,timestamp,"1153634440",s,heart_rate,"103",bpm,,,,,,,,,,,,,,,,
Data,0,record,timestamp,"1153634445",s,heart_rate,"98",bpm,,,,,,,,,,,,,,,,
Data,0,record,timestamp,"1153634450",s,heart_rate,"99",bpm,,,,,,,,,,,,,,,,
Data,0,record,timestamp,"1153634455",s,heart_rate,"102",bpm,,,,,,,,,,,,,,,,
Data,0,record,timestamp,"1153634460",s,heart_rate,"99",bpm,,,,,,,,,,,,,,,,
Data,0,record,timestamp,"1153634465",s,heart_rate,"98",bpm,,,,,,,,,,,,,,,,
Data,0,record,timestamp,"1153634470",s,heart_rate,"98",bpm,,,,,,,,,,,,,,,,
Data,0,record,timestamp,"1153634475",s,heart_rate,"101",bpm,,,,,,,,,,,,,,,,
Data,0,record,timestamp,"1153634480",s,heart_rate,"101",bpm,,,,,,,,,,,,,,,,
Data,0,record,timestamp,"1153634485",s,heart_rate,"101",bpm,,,,,,,,,,,,,,,,
Data,0,record,timestamp,"1153634490",s,heart_rate,"110",bpm,,,,,,,,,,,,,,,,
Data,0,record,timestamp,"1153634495",s,heart_rate,"106",bpm,,,,,,,,,,,,,,,,
Data,0,record,timestamp,"1153634500",s,heart_rate,"105",bpm,,,,,,,,,,,,,,,,
Data,0,record,timestamp,"1153634505",s,heart_rate,"104",bpm,,,,,,,,,,,,,,,,
Data,0,record,timestamp,"1153634510",s,heart_rate,"106",bpm,,,,,,,,,,,,,,,,
Data,0,record,timestamp,"1153634515",s,heart_rate,"108",bpm,,,,,,,,,,,,,,,,
Data,0,record,timestamp,"1153634520",s,heart_rate,"107",bpm,,,,,,,,,,,,,,,,
Data,0,record,timestamp,"1153634525",s,heart_rate,"109",bpm,,,,,,,,,,,,,,,,
Data,0,record,timestamp,"1153634530",s,heart_rate,"109",bpm,,,,,,,,,,,,,,,,
Data,0,record,timestamp,"1153634535",s,heart_rate,"111",bpm,,,,,,,,,,,,,,,,
Data,0,record,timestamp,"1153634540",s,heart_rate,"107",bpm,,,,,,,,,,,,,,,,
Data,0,record,timestamp,"1153634545",s,heart_rate,"100",bpm,,,,,,,,,,,,,,,,
Data,0,record,timestamp,"1153634550",s,heart_rate,"107",bpm,,,,,,,,,,,,,,,,
Data,0,record,timestamp,"1153634555",s,heart_rate,"104",bpm,,,,,,,,,,,,,,,,
Data,0,record,timestamp,"1153634560",s,heart_rate,"96",bpm,,,,,,,,,,,,,,,,
Data,0,record,timestamp,"1153634565",s,heart_rate,"93",bpm,,,,,,,,,,,,,,,,
Data,0,record,timestamp,"1153634570",s,heart_rate,"94",bpm,,,,,,,,,,,,,,,,
Data,0,record,timestamp,"1153634575",s,heart_rate,"93",bpm,,,,,,,,,,,,,,,,
Data,0,record,timestamp,"1153634580",s,heart_rate,"92",bpm,,,,,,,,,,,,,,,,
Data,0,record,timestamp,"1153634585",s,heart_rate,"90",bpm,,,,,,,,,,,,,,,,
Data,0,record,timestamp,"1153634590",s,heart_rate,"87",bpm,,,,,,,,,,,,,,,,
Data,0,record,timestamp,"1153634595",s,heart_rate,"86",bpm,,,,,,,,,,,,,,,,
Data,0,record,timestamp,"1153634600",s,heart_rate,"87",bpm,,,,,,,,,,,,,,,,
Data,0,record,timestamp,"1153634605",s,heart_rate,"95",bpm,,,,,,,,,,,,,,,,
Data,0,record,timestamp,"1153634610",s,heart_rate,"92",bpm,,,,,,,,,,,,,,,,
Data,0,record,timestamp,"1153634615",s,heart_rate,"93",bpm,,,,,,,,,,,,,,,,
Data,0,record,timestamp,"1153634620",s,heart_rate,"92",bpm,,,,,,,,,,,,,,,,
Data,0,record,timestamp,"1153634625",s,heart_rate,"92",bpm,,,,,,,,,,,,,,,,
Data,0,record,timestamp,"1153634630",s,heart_rate,"88",bpm,,,,,,,,,,,,,,,,
Data,0,record,timestamp,"1153634635",s,heart_rate,"88",bpm,,,,,,,,,,,,,,,,
Data,0,record,timestamp,"1153634640",s,heart_rate,"89",bpm,,,,,,,,,,,,,,,,
Data,0,record,timestamp,"1153634645",s,heart_rate,"90",bpm,,,,,,,,,,,,,,,,
Data,0,record,timestamp,"1153634650",s,heart_rate,"89",bpm,,,,,,,,,,,,,,,,
Data,0,record,timestamp,"1153634655",s,heart_rate,"88",bpm,,,,,,,,,,,,,,,,
Data,0,record,timestamp,"1153634660",s,heart_rate,"87",bpm,,,,,,,,,,,,,,,,
Data,0,record,timestamp,"1153634665",s,heart_rate,"94",bpm,,,,,,,,,,,,,,,,
Data,0,record,timestamp,"1153634670",s,heart_rate,"95",bpm,,,,,,,,,,,,,,,,
Data,0,record,timestamp,"1153634675",s,heart_rate,"90",bpm,,,,,,,,,,,,,,,,
Data,0,record,timestamp,"1153634680",s,heart_rate,"90",bpm,,,,,,,,,,,,,,,,
Data,0,record,timestamp,"1153634685",s,heart_rate,"97",bpm,,,,,,,,,,,,,,,,
Data,0,record,timestamp,"1153634690",s,heart_rate,"97",bpm,,,,,,,,,,,,,,,,
Data,0,record,timestamp,"1153634695",s,heart_rate,"98",bpm,,,,,,,,,,,,,,,,
Data,0,record,timestamp,"1153634700",s,heart_rate,"95",bpm,,,,,,,,,,,,,,,,
Data,0,record,timestamp,"1153634705",s,heart_rate,"91",bpm,,,,,,,,,,,,,,,,
Data,0,record,timestamp,"1153634710",s,heart_rate,"90",bpm,,,,,,,,,,,,,,,,
Data,0,record,timestamp,"1153634715",s,heart_rate,"93",bpm,,,,,,,,,,,,,,,,
Data,0,record,timestamp,"1153634720",s,heart_rate,"95",bpm,,,,,,,,,,,,,,,,
Data,0,record,timestamp,"1153634725",s,heart_rate,"96",bpm,,,,,,,,,,,,,,,,
Data,0,record,timestamp,"1153634730",s,heart_rate,"97",bpm,,,,,,,,,,,,,,,,
Data,0,record,timestamp,"1153634735",s,heart_rate,"97",bpm,,,,,,,,,,,,,,,,
Data,0,record,timestamp,"1153634740",s,heart_rate,"96",bpm,,,,,,,,,,,,,,,,
Data,0,record,timestamp,"1153634745",s,heart_rate,"98",bpm,,,,,,,,,,,,,,,,
Data,0,record,timestamp,"1153634750",s,heart_rate,"96",bpm,,,,,,,,,,,,,,,,
Data,0,record,timestamp,"1153634755",s,heart_rate,"98",bpm,,,,,,,,,,,,,,,,
Data,0,record,timestamp,"1153634760",s,heart_rate,"104",bpm,,,,,,,,,,,,,,,,
Data,0,record,timestamp,"1153634765",s,heart_rate,"95",bpm,,,,,,,,,,,,,,,,
Data,0,record,timestamp,"1153634770",s,heart_rate,"96",bpm,,,,,,,,,,,,,,,,
Data,0,record,timestamp,"1153634775",s,heart_rate,"94",bpm,,,,,,,,,,,,,,,,
Data,0,record,timestamp,"1153634780",s,heart_rate,"94",bpm,,,,,,,,,,,,,,,,
Data,0,record,timestamp,"1153634785",s,heart_rate,"94",bpm,,,,,,,,,,,,,,,,
Data,0,record,timestamp,"1153634790",s,heart_rate,"94",bpm,,,,,,,,,,,,,,,,
Data,0,record,timestamp,"1153634795",s,heart_rate,"94",bpm,,,,,,,,,,,,,,,,
Data,0,record,timestamp,"1153634800",s,heart_rate,"92",bpm,,,,,,,,,,,,,,,,
Data,0,record,timestamp,"1153634805",s,heart_rate,"95",bpm,,,,,,,,,,,,,,,,
Data,0,record,timestamp,"1153634810",s,heart_rate,"93",bpm,,,,,,,,,,,,,,,,
Data,0,record,timestamp,"1153634815",s,heart_rate,"94",bpm,,,,,,,,,,,,,,,,
Data,0,record,timestamp,"1153634820",s,heart_rate,"95",bpm,,,,,,,,,,,,,,,,
Data,0,record,timestamp,"1153634825",s,heart_rate,"93",bpm,,,,,,,,,,,,,,,,
Data,0,record,timestamp,"1153634830",s,heart_rate,"93",bpm,,,,,,,,,,,,,,,,
Data,0,record,timestamp,"1153634835",s,heart_rate,"99",bpm,,,,,,,,,,,,,,,,
Data,0,record,timestamp,"1153634840",s,heart_rate,"97",bpm,,,,,,,,,,,,,,,,
Data,0,record,timestamp,"1153634845",s,heart_rate,"93",bpm,,,,,,,,,,,,,,,,
Data,0,record,timestamp,"1153634850",s,heart_rate,"91",bpm,,,,,,,,,,,,,,,,
Data,0,record,timestamp,"1153634855",s,heart_rate,"95",bpm,,,,,,,,,,,,,,,,
Data,0,record,timestamp,"1153634860",s,heart_rate,"94",bpm,,,,,,,,,,,,,,,,
Data,0,record,timestamp,"1153634865",s,heart_rate,"96",bpm,,,,,,,,,,,,,,,,
Data,0,record,timestamp,"1153634870",s,heart_rate,"93",bpm,,,,,,,,,,,,,,,,
Data,0,record,timestamp,"1153634875",s,heart_rate,"94",bpm,,,,,,,,,,,,,,,,
Data,0,record,timestamp,"1153634880",s,heart_rate,"95",bpm,,,,,,,,,,,,,,,,
Data,0,record,timestamp,"1153634885",s,heart_rate,"96",bpm,,,,,,,,,,,,,,,,
Data,0,record,timestamp,"1153634890",s,heart_rate,"92",bpm,,,,,,,,,,,,,,,,
Data,0,record,timestamp,"1153634895",s,heart_rate,"91",bpm,,,,,,,,,,,,,,,,
Data,0,record,timestamp,"1153634900",s,heart_rate,"92",bpm,,,,,,,,,,,,,,,,
Data,0,record,timestamp,"1153634905",s,heart_rate,"92",bpm,,,,,,,,,,,,,,,,
Data,0,record,timestamp,"1153634910",s,heart_rate,"91",bpm,,,,,,,,,,,,,,,,
Data,0,record,timestamp,"1153634915",s,heart_rate,"91",bpm,,,,,,,,,,,,,,,,
Data,0,record,timestamp,"1153634920",s,heart_rate,"96",bpm,,,,,,,,,,,,,,,,
Data,0,record,timestamp,"1153634925",s,heart_rate,"94",bpm,,,,,,,,,,,,,,,,
Data,0,record,timestamp,"1153634930",s,heart_rate,"98",bpm,,,,,,,,,,,,,,,,
Data,0,record,timestamp,"1153634935",s,heart_rate,"100",bpm,,,,,,,,,,,,,,,,
Data,0,record,timestamp,"1153634940",s,heart_rate,"92",bpm,,,,,,,,,,,,,,,,
Data,0,record,timestamp,"1153634945",s,heart_rate,"91",bpm,,,,,,,,,,,,,,,,
Data,0,record,timestamp,"1153634950",s,heart_rate,"93",bpm,,,,,,,,,,,,,,,,
Data,0,record,timestamp,"1153634955",s,heart_rate,"93",bpm,,,,,,,,,,,,,,,,
Data,0,record,timestamp,"1153634960",s,heart_rate,"92",bpm,,,,,,,,,,,,,,,,
Data,0,record,timestamp,"1153634965",s,heart_rate,"91",bpm,,,,,,,,,,,,,,,,
Data,0,record,timestamp,"1153634970",s,heart_rate,"89",bpm,,,,,,,,,,,,,,,,
Data,0,record,timestamp,"1153634975",s,heart_rate,"92",bpm,,,,,,,,,,,,,,,,
Data,0,record,timestamp,"1153634980",s,heart_rate,"92",bpm,,,,,,,,,,,,,,,,
Data,0,record,timestamp,"1153634985",s,heart_rate,"94",bpm,,,,,,,,,,,,,,,,
Data,0,record,timestamp,"1153634990",s,heart_rate,"92",bpm,,,,,,,,,,,,,,,,
Data,0,record,timestamp,"1153634995",s,heart_rate,"90",bpm,,,,,,,,,,,,,,,,
Data,0,record,timestamp,"1153635000",s,heart_rate,"90",bpm,,,,,,,,,,,,,,,,
Data,0,record,timestamp,"1153635005",s,heart_rate,"93",bpm,,,,,,,,,,,,,,,,
Data,0,record,timestamp,"1153635010",s,heart_rate,"92",bpm,,,,,,,,,,,,,,,,
Data,0,record,timestamp,"1153635015",s,heart_rate,"89",bpm,,,,,,,,,,,,,,,,
Data,0,record,timestamp,"1153635020",s,heart_rate,"91",bpm,,,,,,,,,,,,,,,,
Data,0,record,timestamp,"1153635025",s,heart_rate,"91",bpm,,,,,,,,,,,,,,,,
Data,0,record,timestamp,"1153635030",s,heart_rate,"92",bpm,,,,,,,,,,,,,,,,
Data,0,record,timestamp,"1153635035",s,heart_rate,"92",bpm,,,,,,,,,,,,,,,,
Data,0,record,timestamp,"1153635040",s,heart_rate,"91",bpm,,,,,,,,,,,,,,,,
Data,0,record,timestamp,"1153635045",s,heart_rate,"89",bpm,,,,,,,,,,,,,,,,
Data,0,record,timestamp,"1153635050",s,heart_rate,"90",bpm,,,,,,,,,,,,,,,,
Data,0,record,timestamp,"1153635055",s,heart_rate,"90",bpm,,,,,,,,,,,,,,,,
Data,0,record,timestamp,"1153635060",s,heart_rate,"92",bpm,,,,,,,,,,,,,,,,
Data,0,record,timestamp,"1153635065",s,heart_rate,"94",bpm,,,,,,,,,,,,,,,,
Data,0,record,timestamp,"1153635070",s,heart_rate,"92",bpm,,,,,,,,,,,,,,,,
Data,0,record,timestamp,"1153635075",s,heart_rate,"96",bpm,,,,,,,,,,,,,,,,
Data,0,record,timestamp,"1153635080",s,heart_rate,"95",bpm,,,,,,,,,,,,,,,,
Data,0,record,timestamp,"1153635085",s,heart_rate,"96",bpm,,,,,,,,,,,,,,,,
Data,0,record,timestamp,"1153635090",s,heart_rate,"96",bpm,,,,,,,,,,,,,,,,
Data,0,record,timestamp,"1153635095",s,heart_rate,"95",bpm,,,,,,,,,,,,,,,,
Data,0,record,timestamp,"1153635100",s,heart_rate,"94",bpm,,,,,,,,,,,,,,,,
Data,0,record,timestamp,"1153635105",s,heart_rate,"92",bpm,,,,,,,,,,,,,,,,
Data,0,record,timestamp,"1153635110",s,heart_rate,"89",bpm,,,,,,,,,,,,,,,,
Data,0,record,timestamp,"1153635115",s,heart_rate,"90",bpm,,,,,,,,,,,,,,,,
Data,0,record,timestamp,"1153635120",s,heart_rate,"94",bpm,,,,,,,,,,,,,,,,
Data,0,record,timestamp,"1153635125",s,heart_rate,"95",bpm,,,,,,,,,,,,,,,,
Data,0,record,timestamp,"1153635130",s,heart_rate,"96",bpm,,,,,,,,,,,,,,,,
Data,0,record,timestamp,"1153635135",s,heart_rate,"101",bpm,,,,,,,,,,,,,,,,
Data,0,record,timestamp,"1153635140",s,heart_rate,"103",bpm,,,,,,,,,,,,,,,,
Data,0,record,timestamp,"1153635145",s,heart_rate,"97",bpm,,,,,,,,,,,,,,,,
Data,0,record,timestamp,"1153635150",s,heart_rate,"93",bpm,,,,,,,,,,,,,,,,
Data,0,record,timestamp,"1153635155",s,heart_rate,"92",bpm,,,,,,,,,,,,,,,,
Data,0,record,timestamp,"1153635160",s,heart_rate,"94",bpm,,,,,,,,,,,,,,,,
Data,0,record,timestamp,"1153635165",s,heart_rate,"96",bpm,,,,,,,,,,,,,,,,
Data,0,record,timestamp,"1153635170",s,heart_rate,"96",bpm,,,,,,,,,,,,,,,,
Data,0,record,timestamp,"1153635175",s,heart_rate,"98",bpm,,,,,,,,,,,,,,,,
Data,0,record,timestamp,"1153635180",s,heart_rate,"101",bpm,,,,,,,,,,,,,,,,
Data,0,record,timestamp,"1153635185",s,heart_rate,"102",bpm,,,,,,,,,,,,,,,,
Data,0,record,timestamp,"1153635190",s,heart_rate,"97",bpm,,,,,,,,,,,,,,,,
Data,0,record,timestamp,"1153635195",s,heart_rate,"98",bpm,,,,,,,,,,,,,,,,
Data,0,record,timestamp,"1153635200",s,heart_rate,"99",bpm,,,,,,,,,,,,,,,,
Data,0,record,timestamp,"1153635205",s,heart_rate,"97",bpm,,,,,,,,,,,,,,,,
Data,0,record,timestamp,"1153635210",s,heart_rate,"94",bpm,,,,,,,,,,,,,,,,
Data,0,record,timestamp,"1153635215",s,heart_rate,"97",bpm,,,,,,,,,,,,,,,,
Data,0,record,timestamp,"1153635220",s,heart_rate,"96",bpm,,,,,,,,,,,,,,,,
Data,0,record,timestamp,"1153635225",s,heart_rate,"94",bpm,,,,,,,,,,,,,,,,
Data,0,record,timestamp,"1153635230",s,heart_rate,"95",bpm,,,,,,,,,,,,,,,,
Data,0,record,timestamp,"1153635235",s,heart_rate,"93",bpm,,,,,,,,,,,,,,,,
Data,0,record,timestamp,"1153635240",s,heart_rate,"93",bpm,,,,,,,,,,,,,,,,
Data,0,record,timestamp,"1153635245",s,heart_rate,"93",bpm,,,,,,,,,,,,,,,,
Data,0,record,timestamp,"1153635250",s,heart_rate,"95",bpm,,,,,,,,,,,,,,,,
Data,0,record,timestamp,"1153635255",s,heart_rate,"97",bpm,,,,,,,,,,,,,,,,
Data,0,record,timestamp,"1153635260",s,heart_rate,"95",bpm,,,,,,,,,,,,,,,,
Data,0,record,timestamp,"1153635265",s,heart_rate,"96",bpm,,,,,,,,,,,,,,,,
Data,0,record,timestamp,"1153635270",s,heart_rate,"95",bpm,,,,,,,,,,,,,,,,
Data,0,record,timestamp,"1153635275",s,heart_rate,"95",bpm,,,,,,,,,,,,,,,,
Data,0,record,timestamp,"1153635280",s,heart_rate,"98",bpm,,,,,,,,,,,,,,,,
Data,0,record,timestamp,"1153635285",s,heart_rate,"97",bpm,,,,,,,,,,,,,,,,
Data,0,record,timestamp,"1153635290",s,heart_rate,"95",bpm,,,,,,,,,,,,,,,,
Data,0,record,timestamp,"1153635295",s,heart_rate,"94",bpm,,,,,,,,,,,,,,,,
Data,0,record,timestamp,"1153635300",s,heart_rate,"96",bpm,,,,,,,,,,,,,,,,
Data,0,record,timestamp,"1153635305",s,heart_rate,"101",bpm,,,,,,,,,,,,,,,,
Data,0,record,timestamp,"1153635310",s,heart_rate,"99",bpm,,,,,,,,,,,,,,,,
Data,0,record,timestamp,"1153635315",s,heart_rate,"96",bpm,,,,,,,,,,,,,,,,
Data,0,record,timestamp,"1153635320",s,heart_rate,"95",bpm,,,,,,,,,,,,,,,,
Data,0,record,timestamp,"1153635325",s,heart_rate,"95",bpm,,,,,,,,,,,,,,,,
Data,0,record,timestamp,"1153635330",s,heart_rate,"95",bpm,,,,,,,,,,,,,,,,
Data,0,record,timestamp,"1153635335",s,heart_rate,"99",bpm,,,,,,,,,,,,,,,,
Data,0,record,timestamp,"1153635340",s,heart_rate,"98",bpm,,,,,,,,,,,,,,,,
Data,0,record,timestamp,"1153635345",s,heart_rate,"99",bpm,,,,,,,,,,,,,,,,
Data,0,record,timestamp,"1153635350",s,heart_rate,"97",bpm,,,,,,,,,,,,,,,,
Data,0,record,timestamp,"1153635355",s,heart_rate,"97",bpm,,,,,,,,,,,,,,,,
Data,0,record,timestamp,"1153635360",s,heart_rate,"93",bpm,,,,,,,,,,,,,,,,
Data,0,record,timestamp,"1153635365",s,heart_rate,"92",bpm,,,,,,,,,,,,,,,,
Data,0,record,timestamp,"1153635370",s,heart_rate,"95",bpm,,,,,,,,,,,,,,,,
Data,0,record,timestamp,"1153635375",s,heart_rate,"96",bpm,,,,,,,,,,,,,,,,
Data,0,record,timestamp,"1153635380",s,heart_rate,"95",bpm,,,,,,,,,,,,,,,,
Data,0,record,timestamp,"1153635385",s,heart_rate,"95",bpm,,,,,,,,,,,,,,,,
Data,0,record,timestamp,"1153635390",s,heart_rate,"95",bpm,,,,,,,,,,,,,,,,
Data,0,record,timestamp,"1153635395",s,heart_rate,"95",bpm,,,,,,,,,,,,,,,,
Data,0,record,timestamp,"1153635400",s,heart_rate,"97",bpm,,,,,,,,,,,,,,,,
Data,0,record,timestamp,"1153635405",s,heart_rate,"103",bpm,,,,,,,,,,,,,,,,
Data,0,record,timestamp,"1153635410",s,heart_rate,"97",bpm,,,,,,,,,,,,,,,,
Data,0,record,timestamp,"1153635415",s,heart_rate,"101",bpm,,,,,,,,,,,,,,,,
Data,0,record,timestamp,"1153635420",s,heart_rate,"103",bpm,,,,,,,,,,,,,,,,
Data,0,record,timestamp,"1153635425",s,heart_rate,"104",bpm,,,,,,,,,,,,,,,,
Data,0,record,timestamp,"1153635430",s,heart_rate,"99",bpm,,,,,,,,,,,,,,,,
Data,0,record,timestamp,"1153635435",s,heart_rate,"99",bpm,,,,,,,,,,,,,,,,
Data,0,record,timestamp,"1153635440",s,heart_rate,"100",bpm,,,,,,,,,,,,,,,,
Data,0,record,timestamp,"1153635445",s,heart_rate,"101",bpm,,,,,,,,,,,,,,,,
Data,0,record,timestamp,"1153635450",s,heart_rate,"100",bpm,,,,,,,,,,,,,,,,
Data,0,record,timestamp,"1153635455",s,heart_rate,"102",bpm,,,,,,,,,,,,,,,,
Data,0,record,timestamp,"1153635460",s,heart_rate,"102",bpm,,,,,,,,,,,,,,,,
Data,0,record,timestamp,"1153635465",s,heart_rate,"103",bpm,,,,,,,,,,,,,,,,
Data,0,record,timestamp,"1153635470",s,heart_rate,"105",bpm,,,,,,,,,,,,,,,,
Data,0,record,timestamp,"1153635475",s,heart_rate,"102",bpm,,,,,,,,,,,,,,,,
Data,0,record,timestamp,"1153635480",s,heart_rate,"101",bpm,,,,,,,,,,,,,,,,
Data,0,record,timestamp,"1153635485",s,heart_rate,"99",bpm,,,,,,,,,,,,,,,,
Data,0,record,timestamp,"1153635490",s,heart_rate,"102",bpm,,,,,,,,,,,,,,,,
Data,0,record,timestamp,"1153635495",s,heart_rate,"102",bpm,,,,,,,,,,,,,,,,
Data,0,record,timestamp,"1153635500",s,heart_rate,"102",bpm,,,,,,,,,,,,,,,,
Data,0,record,timestamp,"1153635505",s,heart_rate,"100",bpm,,,,,,,,,,,,,,,,
Data,0,record,timestamp,"1153635510",s,heart_rate,"99",bpm,,,,,,,,,,,,,,,,
Data,0,record,timestamp,"1153635515",s,heart_rate,"99",bpm,,,,,,,,,,,,,,,,
Data,0,record,timestamp,"1153635520",s,heart_rate,"100",bpm,,,,,,,,,,,,,,,,
Data,0,record,timestamp,"1153635525",s,heart_rate,"101",bpm,,,,,,,,,,,,,,,,
Data,0,record,timestamp,"1153635530",s,heart_rate,"99",bpm,,,,,,,,,,,,,,,,
Data,0,record,timestamp,"1153635535",s,heart_rate,"102",bpm,,,,,,,,,,,,,,,,
Data,0,record,timestamp,"1153635540",s,heart_rate,"104",bpm,,,,,,,,,,,,,,,,
Data,0,record,timestamp,"1153635545",s,heart_rate,"103",bpm,,,,,,,,,,,,,,,,
Data,0,record,timestamp,"1153635550",s,heart_rate,"98",bpm,,,,,,,,,,,,,,,,
Data,0,record,timestamp,"1153635555",s,heart_rate,"96",bpm,,,,,,,,,,,,,,,,
Data,0,record,timestamp,"1153635560",s,heart_rate,"93",bpm,,,,,,,,,,,,,,,,
Data,0,record,timestamp,"1153635565",s,heart_rate,"92",bpm,,,,,,,,,,,,,,,,
Data,0,record,timestamp,"1153635570",s,heart_rate,"95",bpm,,,,,,,,,,,,,,,,
Data,0,record,timestamp,"1153635575",s,heart_rate,"97",bpm,,,,,,,,,,,,,,,,
Data,0,record,timestamp,"1153635580",s,heart_rate,"96",bpm,,,,,,,,,,,,,,,,
Data,0,record,timestamp,"1153635585",s,heart_rate,"96",bpm,,,,,,,,,,,,,,,,
Data,0,record,timestamp,"1153635590",s,heart_rate,"98",bpm,,,,,,,,,,,,,,,,
Data,0,record,timestamp,"1153635595",s,heart_rate,"100",bpm,,,,,,,,,,,,,,,,
Data,0,record,timestamp,"1153635600",s,heart_rate,"100",bpm,,,,,,,,,,,,,,,,
Data,0,record,timestamp,"1153635605",s,heart_rate,"96",bpm,,,,,,,,,,,,,,,,
Data,0,record,timestamp,"1153635610",s,heart_rate,"93",bpm,,,,,,,,,,,,,,,,
Data,0,record,timestamp,"1153635615",s,heart_rate,"94",bpm,,,,,,,,,,,,,,,,
Data,0,record,timestamp,"1153635620",s,heart_rate,"91",bpm,,,,,,,,,,,,,,,,
Data,0,record,timestamp,"1153635625",s,heart_rate,"95",bpm,,,,,,,,,,,,,,,,
Data,0,record,timestamp,"1153635630",s,heart_rate,"95",bpm,,,,,,,,,,,,,,,,
Data,0,record,timestamp,"1153635635",s,heart_rate,"94",bpm,,,,,,,,,,,,,,,,
Data,0,record,timestamp,"1153635640",s,heart_rate,"91",bpm,,,,,,,,,,,,,,,,
Data,0,record,timestamp,"1153635645",s,heart_rate,"90",bpm,,,,,,,,,,,,,,,,
Data,0,record,timestamp,"1153635650",s,heart_rate,"89",bpm,,,,,,,,,,,,,,,,
Data,0,record,timestamp,"1153635655",s,heart_rate,"90",bpm,,,,,,,,,,,,,,,,
Data,0,record,timestamp,"1153635660",s,heart_rate,"89",bpm,,,,,,,,,,,,,,,,
Data,0,record,timestamp,"1153635665",s,heart_rate,"91",bpm,,,,,,,,,,,,,,,,
Data,0,record,timestamp,"1153635670",s,heart_rate,"91",bpm,,,,,,,,,,,,,,,,
Data,0,record,timestamp,"1153635675",s,heart_rate,"89",bpm,,,,,,,,,,,,,,,,
Data,0,record,timestamp,"1153635680",s,heart_rate,"93",bpm,,,,,,,,,,,,,,,,
Data,0,record,timestamp,"1153635685",s,heart_rate,"96",bpm,,,,,,,,,,,,,,,,
Data,0,record,timestamp,"1153635690",s,heart_rate,"93",bpm,,,,,,,,,,,,,,,,
Data,0,record,timestamp,"1153635695",s,heart_rate,"92",bpm,,,,,,,,,,,,,,,,
Data,0,record,timestamp,"1153635700",s,heart_rate,"93",bpm,,,,,,,,,,,,,,,,
Data,0,record,timestamp,"1153635705",s,heart_rate,"93",bpm,,,,,,,,,,,,,,,,
Data,0,record,timestamp,"1153635710",s,heart_rate,"94",bpm,,,,,,,,,,,,,,,,
Data,0,record,timestamp,"1153635715",s,heart_rate,"94",bpm,,,,,,,,,,,,,,,,
Data,0,record,timestamp,"1153635720",s,heart_rate,"92",bpm,,,,,,,,,,,,,,,,
Data,0,record,timestamp,"1153635725",s,heart_rate,"90",bpm,,,,,,,,,,,,,,,,
Data,0,record,timestamp,"1153635730",s,heart_rate,"91",bpm,,,,,,,,,,,,,,,,
Data,0,record,timestamp,"1153635735",s,heart_rate,"94",bpm,,,,,,,,,,,,,,,,
Data,0,record,timestamp,"1153635740",s,heart_rate,"96",bpm,,,,,,,,,,,,,,,,
Data,0,record,timestamp,"1153635745",s,heart_rate,"96",bpm,,,,,,,,,,,,,,,,
Data,0,record,timestamp,"1153635750",s,heart_rate,"95",bpm,,,,,,,,,,,,,,,,
Data,0,record,timestamp,"1153635755",s,heart_rate,"92",bpm,,,,,,,,,,,,,,,,
Data,0,record,timestamp,"1153635760",s,heart_rate,"93",bpm,,,,,,,,,,,,,,,,
Data,0,record,timestamp,"1153635765",s,heart_rate,"92",bpm,,,,,,,,,,,,,,,,
Data,0,record,timestamp,"1153635770",s,heart_rate,"95",bpm,,,,,,,,,,,,,,,,
Data,0,record,timestamp,"1153635775",s,heart_rate,"95",bpm,,,,,,,,,,,,,,,,
Data,0,record,timestamp,"1153635780",s,heart_rate,"95",bpm,,,,,,,,,,,,,,,,
Data,0,record,timestamp,"1153635785",s,heart_rate,"94",bpm,,,,,,,,,,,,,,,,
Data,0,record,timestamp,"1153635790",s,heart_rate,"96",bpm,,,,,,,,,,,,,,,,
Data,0,record,timestamp,"1153635795",s,heart_rate,"99",bpm,,,,,,,,,,,,,,,,
Data,0,record,timestamp,"1153635800",s,heart_rate,"101",bpm,,,,,,,,,,,,,,,,
Data,0,record,timestamp,"1153635805",s,heart_rate,"100",bpm,,,,,,,,,,,,,,,,
Data,0,record,timestamp,"1153635810",s,heart_rate,"102",bpm,,,,,,,,,,,,,,,,
Data,0,record,timestamp,"1153635815",s,heart_rate,"100",bpm,,,,,,,,,,,,,,,,
Data,0,record,timestamp,"1153635820",s,heart_rate,"103",bpm,,,,,,,,,,,,,,,,
Data,0,record,timestamp,"1153635825",s,heart_rate,"104",bpm,,,,,,,,,,,,,,,,
Data,0,record,timestamp,"1153635830",s,heart_rate,"100",bpm,,,,,,,,,,,,,,,,
Data,0,record,timestamp,"1153635835",s,heart_rate,"96",bpm,,,,,,,,,,,,,,,,
Data,0,record,timestamp,"1153635840",s,heart_rate,"99",bpm,,,,,,,,,,,,,,,,
Data,0,record,timestamp,"1153635845",s,heart_rate,"101",bpm,,,,,,,,,,,,,,,,
Data,0,record,timestamp,"1153635850",s,heart_rate,"102",bpm,,,,,,,,,,,,,,,,
Data,0,record,timestamp,"1153635855",s,heart_rate,"100",bpm,,,,,,,,,,,,,,,,
Data,0,record,timestamp,"1153635860",s,heart_rate,"99",bpm,,,,,,,,,,,,,,,,
Data,0,record,timestamp,"1153635865",s,heart_rate,"96",bpm,,,,,,,,,,,,,,,,
Data,0,record,timestamp,"1153635870",s,heart_rate,"96",bpm,,,,,,,,,,,,,,,,
Data,0,record,timestamp,"1153635875",s,heart_rate,"96",bpm,,,,,,,,,,,,,,,,
Data,0,record,timestamp,"1153635880",s,heart_rate,"94",bpm,,,,,,,,,,,,,,,,
Data,0,record,timestamp,"1153635885",s,heart_rate,"93",bpm,,,,,,,,,,,,,,,,
Data,0,record,timestamp,"1153635890",s,heart_rate,"98",bpm,,,,,,,,,,,,,,,,
Data,0,record,timestamp,"1153635895",s,heart_rate,"102",bpm,,,,,,,,,,,,,,,,
Data,0,record,timestamp,"1153635900",s,heart_rate,"103",bpm,,,,,,,,,,,,,,,,
Data,0,record,timestamp,"1153635905",s,heart_rate,"88",bpm,,,,,,,,,,,,,,,,
Data,0,record,timestamp,"1153635910",s,heart_rate,"91",bpm,,,,,,,,,,,,,,,,
Data,0,record,timestamp,"1153635915",s,heart_rate,"99",bpm,,,,,,,,,,,,,,,,
Data,0,record,timestamp,"1153635920",s,heart_rate,"97",bpm,,,,,,,,,,,,,,,,
Data,0,record,timestamp,"1153635925",s,heart_rate,"94",bpm,,,,,,,,,,,,,,,,
Data,0,record,timestamp,"1153635930",s,heart_rate,"93",bpm,,,,,,,,,,,,,,,,
Data,0,record,timestamp,"1153635935",s,heart_rate,"97",bpm,,,,,,,,,,,,,,,,
Data,0,record,timestamp,"1153635940",s,heart_rate,"105",bpm,,,,,,,,,,,,,,,,
Data,0,record,timestamp,"1153635945",s,heart_rate,"112",bpm,,,,,,,,,,,,,,,,
Data,0,record,timestamp,"1153635950",s,heart_rate,"107",bpm,,,,,,,,,,,,,,,,
Data,0,record,timestamp,"1153635955",s,heart_rate,"107",bpm,,,,,,,,,,,,,,,,
Data,0,record,timestamp,"1153635960",s,heart_rate,"103",bpm,,,,,,,,,,,,,,,,
Data,0,record,timestamp,"1153635965",s,heart_rate,"90",bpm,,,,,,,,,,,,,,,,
Data,0,record,timestamp,"1153635970",s,heart_rate,"93",bpm,,,,,,,,,,,,,,,,
Data,0,record,timestamp,"1153635975",s,heart_rate,"93",bpm,,,,,,,,,,,,,,,,
Data,0,record,timestamp,"1153635980",s,heart_rate,"94",bpm,,,,,,,,,,,,,,,,
Data,0,record,timestamp,"1153635985",s,heart_rate,"93",bpm,,,,,,,,,,,,,,,,
Data,0,record,timestamp,"1153635990",s,heart_rate,"94",bpm,,,,,,,,,,,,,,,,
Data,0,record,timestamp,"1153635995",s,heart_rate,"94",bpm,,,,,,,,,,,,,,,,
Data,0,record,timestamp,"1153636000",s,heart_rate,"93",bpm,,,,,,,,,,,,,,,,
Data,0,record,timestamp,"1153636005",s,heart_rate,"93",bpm,,,,,,,,,,,,,,,,
Data,0,record,timestamp,"1153636010",s,heart_rate,"93",bpm,,,,,,,,,,,,,,,,
Data,0,record,timestamp,"1153636015",s,heart_rate,"93",bpm,,,,,,,,,,,,,,,,
Data,0,record,timestamp,"1153636020",s,heart_rate,"93",bpm,,,,,,,,,,,,,,,,
Data,0,record,timestamp,"1153636025",s,heart_rate,"92",bpm,,,,,,,,,,,,,,,,
Data,0,record,timestamp,"1153636030",s,heart_rate,"92",bpm,,,,,,,,,,,,,,,,
Data,0,record,timestamp,"1153636035",s,heart_rate,"93",bpm,,,,,,,,,,,,,,,,
Data,0,record,timestamp,"1153636040",s,heart_rate,"93",bpm,,,,,,,,,,,,,,,,
Data,0,record,timestamp,"1153636045",s,heart_rate,"92",bpm,,,,,,,,,,,,,,,,
Data,0,record,timestamp,"1153636050",s,heart_rate,"95",bpm,,,,,,,,,,,,,,,,
Data,0,record,timestamp,"1153636055",s,heart_rate,"91",bpm,,,,,,,,,,,,,,,,
Data,0,record,timestamp,"1153636060",s,heart_rate,"90",bpm,,,,,,,,,,,,,,,,
Data,0,record,timestamp,"1153636065",s,heart_rate,"92",bpm,,,,,,,,,,,,,,,,
Data,0,record,timestamp,"1153636070",s,heart_rate,"89",bpm,,,,,,,,,,,,,,,,
Data,0,record,timestamp,"1153636075",s,heart_rate,"92",bpm,,,,,,,,,,,,,,,,
Data,0,record,timestamp,"1153636080",s,heart_rate,"95",bpm,,,,,,,,,,,,,,,,
Data,0,record,timestamp,"1153636085",s,heart_rate,"99",bpm,,,,,,,,,,,,,,,,
Data,0,record,timestamp,"1153636090",s,heart_rate,"97",bpm,,,,,,,,,,,,,,,,
Data,0,record,timestamp,"1153636095",s,heart_rate,"96",bpm,,,,,,,,,,,,,,,,
Data,0,record,timestamp,"1153636100",s,heart_rate,"95",bpm,,,,,,,,,,,,,,,,
Data,0,record,timestamp,"1153636105",s,heart_rate,"94",bpm,,,,,,,,,,,,,,,,
Data,0,record,timestamp,"1153636110",s,heart_rate,"94",bpm,,,,,,,,,,,,,,,,
Data,0,record,timestamp,"1153636115",s,heart_rate,"96",bpm,,,,,,,,,,,,,,,,
Data,0,record,timestamp,"1153636120",s,heart_rate,"93",bpm,,,,,,,,,,,,,,,,
Data,0,record,timestamp,"1153636125",s,heart_rate,"98",bpm,,,,,,,,,,,,,,,,
Data,0,record,timestamp,"1153636130",s,heart_rate,"96",bpm,,,,,,,,,,,,,,,,
Data,0,record,timestamp,"1153636135",s,heart_rate,"100",bpm,,,,,,,,,,,,,,,,
Data,0,record,timestamp,"1153636140",s,heart_rate,"99",bpm,,,,,,,,,,,,,,,,
Data,0,record,timestamp,"1153636145",s,heart_rate,"98",bpm,,,,,,,,,,,,,,,,
Data,0,record,timestamp,"1153636150",s,heart_rate,"98",bpm,,,,,,,,,,,,,,,,
Data,0,record,timestamp,"1153636155",s,heart_rate,"96",bpm,,,,,,,,,,,,,,,,
Data,0,record,timestamp,"1153636160",s,heart_rate,"99",bpm,,,,,,,,,,,,,,,,
Data,0,record,timestamp,"1153636165",s,heart_rate,"96",bpm,,,,,,,,,,,,,,,,
Data,0,record,timestamp,"1153636170",s,heart_rate,"99",bpm,,,,,,,,,,,,,,,,
Data,0,record,timestamp,"1153636175",s,heart_rate,"96",bpm,,,,,,,,,,,,,,,,
Data,0,record,timestamp,"1153636180",s,heart_rate,"96",bpm,,,,,,,,,,,,,,,,
Data,0,record,timestamp,"1153636185",s,heart_rate,"95",bpm,,,,,,,,,,,,,,,,
Data,0,record,timestamp,"1153636190",s,heart_rate,"93",bpm,,,,,,,,,,,,,,,,
Data,0,record,timestamp,"1153636195",s,heart_rate,"94",bpm,,,,,,,,,,,,,,,,
Data,0,record,timestamp,"1153636200",s,heart_rate,"95",bpm,,,,,,,,,,,,,,,,
Data,0,record,timestamp,"1153636205",s,heart_rate,"95",bpm,,,,,,,,,,,,,,,,
Data,0,record,timestamp,"1153636210",s,heart_rate,"95",bpm,,,,,,,,,,,,,,,,
Data,0,record,timestamp,"1153636215",s,heart_rate,"95",bpm,,,,,,,,,,,,,,,,
Data,0,record,timestamp,"1153636220",s,heart_rate,"96",bpm,,,,,,,,,,,,,,,,
Data,0,record,timestamp,"1153636225",s,heart_rate,"96",bpm,,,,,,,,,,,,,,,,
Data,0,record,timestamp,"1153636230",s,heart_rate,"93",bpm,,,,,,,,,,,,,,,,
Data,0,record,timestamp,"1153636235",s,heart_rate,"95",bpm,,,,,,,,,,,,,,,,
Data,0,record,timestamp,"1153636240",s,heart_rate,"92",bpm,,,,,,,,,,,,,,,,
Data,0,record,timestamp,"1153636245",s,heart_rate,"95",bpm,,,,,,,,,,,,,,,,
Data,0,record,timestamp,"1153636250",s,heart_rate,"96",bpm,,,,,,,,,,,,,,,,
Data,0,record,timestamp,"1153636255",s,heart_rate,"94",bpm,,,,,,,,,,,,,,,,
Data,0,record,timestamp,"1153636260",s,heart_rate,"95",bpm,,,,,,,,,,,,,,,,
Data,0,record,timestamp,"1153636265",s,heart_rate,"96",bpm,,,,,,,,,,,,,,,,
Data,0,record,timestamp,"1153636270",s,heart_rate,"97",bpm,,,,,,,,,,,,,,,,
Data,0,record,timestamp,"1153636275",s,heart_rate,"96",bpm,,,,,,,,,,,,,,,,
Data,0,record,timestamp,"1153636280",s,heart_rate,"97",bpm,,,,,,,,,,,,,,,,
Data,0,record,timestamp,"1153636285",s,heart_rate,"96",bpm,,,,,,,,,,,,,,,,
Data,0,record,timestamp,"1153636290",s,heart_rate,"95",bpm,,,,,,,,,,,,,,,,
Data,0,record,timestamp,"1153636295",s,heart_rate,"95",bpm,,,,,,,,,,,,,,,,
Data,0,record,timestamp,"1153636300",s,heart_rate,"99",bpm,,,,,,,,,,,,,,,,
Data,0,record,timestamp,"1153636305",s,heart_rate,"92",bpm,,,,,,,,,,,,,,,,
Data,0,record,timestamp,"1153636310",s,heart_rate,"99",bpm,,,,,,,,,,,,,,,,
Data,0,record,timestamp,"1153636315",s,heart_rate,"105",bpm,,,,,,,,,,,,,,,,
Data,0,record,timestamp,"1153636320",s,heart_rate,"97",bpm,,,,,,,,,,,,,,,,
Data,0,record,timestamp,"1153636325",s,heart_rate,"93",bpm,,,,,,,,,,,,,,,,
Data,0,record,timestamp,"1153636330",s,heart_rate,"92",bpm,,,,,,,,,,,,,,,,
Data,0,record,timestamp,"1153636335",s,heart_rate,"93",bpm,,,,,,,,,,,,,,,,
Data,0,record,timestamp,"1153636340",s,heart_rate,"96",bpm,,,,,,,,,,,,,,,,
Data,0,record,timestamp,"1153636345",s,heart_rate,"97",bpm,,,,,,,,,,,,,,,,
Data,0,record,timestamp,"1153636350",s,heart_rate,"95",bpm,,,,,,,,,,,,,,,,
Data,0,record,timestamp,"1153636355",s,heart_rate,"92",bpm,,,,,,,,,,,,,,,,
Data,0,record,timestamp,"1153636360",s,heart_rate,"88",bpm,,,,,,,,,,,,,,,,
Data,0,record,timestamp,"1153636365",s,heart_rate,"89",bpm,,,,,,,,,,,,,,,,
Data,0,record,timestamp,"1153636370",s,heart_rate,"91",bpm,,,,,,,,,,,,,,,,
Data,0,record,timestamp,"1153636375",s,heart_rate,"92",bpm,,,,,,,,,,,,,,,,
Data,0,record,timestamp,"1153636380",s,heart_rate,"92",bpm,,,,,,,,,,,,,,,,
Data,0,record,timestamp,"1153636385",s,heart_rate,"93",bpm,,,,,,,,,,,,,,,,
Data,0,record,timestamp,"1153636390",s,heart_rate,"94",bpm,,,,,,,,,,,,,,,,
Data,0,record,timestamp,"1153636395",s,heart_rate,"98",bpm,,,,,,,,,,,,,,,,
Data,0,record,timestamp,"1153636400",s,heart_rate,"99",bpm,,,,,,,,,,,,,,,,
Data,0,record,timestamp,"1153636405",s,heart_rate,"100",bpm,,,,,,,,,,,,,,,,
Data,0,record,timestamp,"1153636410",s,heart_rate,"93",bpm,,,,,,,,,,,,,,,,
Data,0,record,timestamp,"1153636415",s,heart_rate,"94",bpm,,,,,,,,,,,,,,,,
Data,0,record,timestamp,"1153636420",s,heart_rate,"88",bpm,,,,,,,,,,,,,,,,
Data,0,record,timestamp,"1153636425",s,heart_rate,"92",bpm,,,,,,,,,,,,,,,,
Data,0,record,timestamp,"1153636430",s,heart_rate,"92",bpm,,,,,,,,,,,,,,,,
Data,0,record,timestamp,"1153636435",s,heart_rate,"95",bpm,,,,,,,,,,,,,,,,
Data,0,record,timestamp,"1153636440",s,heart_rate,"95",bpm,,,,,,,,,,,,,,,,
Data,0,record,timestamp,"1153636445",s,heart_rate,"95",bpm,,,,,,,,,,,,,,,,
Data,0,record,timestamp,"1153636450",s,heart_rate,"94",bpm,,,,,,,,,,,,,,,,
Data,0,record,timestamp,"1153636455",s,heart_rate,"94",bpm,,,,,,,,,,,,,,,,
Data,0,record,timestamp,"1153636460",s,heart_rate,"94",bpm,,,,,,,,,,,,,,,,
Data,0,record,timestamp,"1153636465",s,heart_rate,"93",bpm,,,,,,,,,,,,,,,,
Data,0,record,timestamp,"1153636470",s,heart_rate,"94",bpm,,,,,,,,,,,,,,,,
Data,0,record,timestamp,"1153636475",s,heart_rate,"94",bpm,,,,,,,,,,,,,,,,
Data,0,record,timestamp,"1153636480",s,heart_rate,"94",bpm,,,,,,,,,,,,,,,,
Data,0,record,timestamp,"1153636485",s,heart_rate,"95",bpm,,,,,,,,,,,,,,,,
Data,0,record,timestamp,"1153636490",s,heart_rate,"95",bpm,,,,,,,,,,,,,,,,
Data,0,record,timestamp,"1153636495",s,heart_rate,"96",bpm,,,,,,,,,,,,,,,,
Data,0,record,timestamp,"1153636500",s,heart_rate,"93",bpm,,,,,,,,,,,,,,,,
Data,0,record,timestamp,"1153636505",s,heart_rate,"94",bpm,,,,,,,,,,,,,,,,
Data,0,record,timestamp,"1153636510",s,heart_rate,"95",bpm,,,,,,,,,,,,,,,,
Data,0,record,timestamp,"1153636515",s,heart_rate,"95",bpm,,,,,,,,,,,,,,,,
Data,0,record,timestamp,"1153636520",s,heart_rate,"96",bpm,,,,,,,,,,,,,,,,
Data,0,record,timestamp,"1153636525",s,heart_rate,"98",bpm,,,,,,,,,,,,,,,,
Data,0,record,timestamp,"1153636530",s,heart_rate,"101",bpm,,,,,,,,,,,,,,,,
Data,0,record,timestamp,"1153636535",s,heart_rate,"96",bpm,,,,,,,,,,,,,,,,
Data,0,record,timestamp,"1153636540",s,heart_rate,"96",bpm,,,,,,,,,,,,,,,,
Data,0,record,timestamp,"1153636545",s,heart_rate,"94",bpm,,,,,,,,,,,,,,,,
Data,0,record,timestamp,"1153636550",s,heart_rate,"94",bpm,,,,,,,,,,,,,,,,
Data,0,record,timestamp,"1153636555",s,heart_rate,"98",bpm,,,,,,,,,,,,,,,,
Data,0,record,timestamp,"1153636560",s,heart_rate,"96",bpm,,,,,,,,,,,,,,,,
Data,0,record,timestamp,"1153636565",s,heart_rate,"99",bpm,,,,,,,,,,,,,,,,
Data,0,record,timestamp,"1153636570",s,heart_rate,"100",bpm,,,,,,,,,,,,,,,,
Data,0,record,timestamp,"1153636575",s,heart_rate,"101",bpm,,,,,,,,,,,,,,,,
Data,0,record,timestamp,"1153636580",s,heart_rate,"99",bpm,,,,,,,,,,,,,,,,
Data,0,record,timestamp,"1153636585",s,heart_rate,"98",bpm,,,,,,,,,,,,,,,,
Data,0,record,timestamp,"1153636590",s,heart_rate,"100",bpm,,,,,,,,,,,,,,,,
Data,0,record,timestamp,"1153636595",s,heart_rate,"98",bpm,,,,,,,,,,,,,,,,
Data,0,record,timestamp,"1153636600",s,heart_rate,"93",bpm,,,,,,,,,,,,,,,,
Data,0,record,timestamp,"1153636605",s,heart_rate,"90",bpm,,,,,,,,,,,,,,,,
Data,0,record,timestamp,"1153636610",s,heart_rate,"89",bpm,,,,,,,,,,,,,,,,
Data,0,record,timestamp,"1153636615",s,heart_rate,"91",bpm,,,,,,,,,,,,,,,,
Data,0,record,timestamp,"1153636620",s,heart_rate,"93",bpm,,,,,,,,,,,,,,,,
Data,0,record,timestamp,"1153636625",s,heart_rate,"102",bpm,,,,,,,,,,,,,,,,
Data,0,record,timestamp,"1153636630",s,heart_rate,"97",bpm,,,,,,,,,,,,,,,,
Data,0,record,timestamp,"1153636635",s,heart_rate,"98",bpm,,,,,,,,,,,,,,,,
Data,0,record,timestamp,"1153636640",s,heart_rate,"92",bpm,,,,,,,,,,,,,,,,
Data,0,record,timestamp,"1153636645",s,heart_rate,"92",bpm,,,,,,,,,,,,,,,,
Data,0,record,timestamp,"1153636650",s,heart_rate,"93",bpm,,,,,,,,,,,,,,,,
Data,0,record,timestamp,"1153636655",s,heart_rate,"95",bpm,,,,,,,,,,,,,,,,
Data,0,record,timestamp,"1153636660",s,heart_rate,"96",bpm,,,,,,,,,,,,,,,,
Data,0,record,timestamp,"1153636665",s,heart_rate,"97",bpm,,,,,,,,,,,,,,,,
Data,0,record,timestamp,"1153636670",s,heart_rate,"96",bpm,,,,,,,,,,,,,,,,
Data,0,record,timestamp,"1153636675",s,heart_rate,"96",bpm,,,,,,,,,,,,,,,,
Data,0,record,timestamp,"1153636680",s,heart_rate,"95",bpm,,,,,,,,,,,,,,,,
Data,0,record,timestamp,"1153636685",s,heart_rate,"98",bpm,,,,,,,,,,,,,,,,
Data,0,record,timestamp,"1153636690",s,heart_rate,"96",bpm,,,,,,,,,,,,,,,,
Data,0,record,timestamp,"1153636695",s,heart_rate,"95",bpm,,,,,,,,,,,,,,,,
Data,0,record,timestamp,"1153636700",s,heart_rate,"96",bpm,,,,,,,,,,,,,,,,
Data,0,record,timestamp,"1153636705",s,heart_rate,"95",bpm,,,,,,,,,,,,,,,,
Data,0,record,timestamp,"1153636710",s,heart_rate,"93",bpm,,,,,,,,,,,,,,,,
Data,0,record,timestamp,"1153636715",s,heart_rate,"95",bpm,,,,,,,,,,,,,,,,
Data,0,record,timestamp,"1153636720",s,heart_rate,"94",bpm,,,,,,,,,,,,,,,,
Data,0,record,timestamp,"1153636725",s,heart_rate,"94",bpm,,,,,,,,,,,,,,,,
Data,0,record,timestamp,"1153636730",s,heart_rate,"99",bpm,,,,,,,,,,,,,,,,
Data,0,record,timestamp,"1153636735",s,heart_rate,"98",bpm,,,,,,,,,,,,,,,,
Data,0,record,timestamp,"1153636740",s,heart_rate,"104",bpm,,,,,,,,,,,,,,,,
Data,0,record,timestamp,"1153636745",s,heart_rate,"104",bpm,,,,,,,,,,,,,,,,
Data,0,record,timestamp,"1153636750",s,heart_rate,"101",bpm,,,,,,,,,,,,,,,,
Data,0,record,timestamp,"1153636755",s,heart_rate,"102",bpm,,,,,,,,,,,,,,,,
Data,0,record,timestamp,"1153636760",s,heart_rate,"102",bpm,,,,,,,,,,,,,,,,
